filename,미세각질_grade,미세각질_confidence,피지과다_grade,피지과다_confidence,모낭사이홍반_grade,모낭사이홍반_confidence,모낭홍반/농포_grade,모낭홍반/농포_confidence,비듬_grade,비듬_confidence,탈모_grade,탈모_confidence,synthetic,source_filename
1.jpg,1,0.8281,1,0.7355,1,0.3967,1,0.612,0,0.4876,3,0.5596,False,1.jpg
10.jpg,1,0.4408,1,0.4402,3,0.4134,2,0.4387,1,0.6629,1,0.6731,False,10.jpg
11.jpg,3,0.3648,1,0.425,3,0.6073,3,0.7721,1,0.4553,2,0.4242,False,11.jpg
12.jpg,1,0.465,2,0.4473,3,0.7539,3,0.7685,3,0.3691,1,0.5649,False,12.jpg
13.jpg,1,0.5847,1,0.4812,3,0.4326,1,0.5536,1,0.769,1,0.7412,False,13.jpg
14.jpg,1,0.6611,1,0.5621,2,0.5233,1,0.4666,1,0.6173,1,0.7241,False,14.jpg
15.jpg,1,0.6677,2,0.4318,2,0.3261,1,0.6063,0,0.6608,1,0.7249,False,15.jpg
16.jpg,1,0.515,1,0.5168,0,0.5077,0,0.6115,0,0.6626,1,0.5799,False,16.jpg
17.jpg,1,0.6926,1,0.6189,2,0.4097,0,0.614,0,0.6638,1,0.6269,False,17.jpg
18.jpg,1,0.5719,2,0.4063,0,0.4951,0,0.6216,0,0.634,1,0.6183,False,18.jpg
19.jpg,1,0.3754,0,0.4748,0,0.8382,0,0.8911,0,0.9385,0,0.9092,False,19.jpg
2.jpg,3,0.7349,1,0.6346,3,0.4784,2,0.3997,1,0.3944,1,0.4105,False,2.jpg
20.jpg,1,0.6455,3,0.4211,1,0.6629,1,0.4955,1,0.4704,1,0.9132,False,20.jpg
21.jpg,1,0.8389,1,0.533,1,0.3235,1,0.5214,0,0.486,1,0.8709,False,21.jpg
22.jpg,1,0.6777,2,0.4316,2,0.3851,1,0.4383,1,0.4717,1,0.8704,False,22.jpg
23.jpg,1,0.8393,1,0.5826,1,0.4447,1,0.5205,1,0.4783,1,0.8982,False,23.jpg
24.jpg,1,0.5859,1,0.6368,2,0.3946,1,0.6206,1,0.5885,1,0.7658,False,24.jpg
25.jpg,1,0.6624,2,0.4536,2,0.4546,1,0.4044,1,0.4691,1,0.857,False,25.jpg
26.jpg,1,0.8864,1,0.7984,1,0.5454,1,0.7077,1,0.6087,1,0.7112,False,26.jpg
27.jpg,1,0.4018,1,0.5521,3,0.403,1,0.4736,1,0.5144,3,0.5345,False,27.jpg
28.jpg,1,0.696,1,0.4584,3,0.6075,2,0.3976,0,0.4735,3,0.5428,False,28.jpg
29.jpg,3,0.4121,3,0.3914,3,0.6123,3,0.7776,1,0.3373,1,0.7132,False,29.jpg
3.jpg,1,0.4408,1,0.4402,3,0.4134,2,0.4387,1,0.6629,1,0.6731,False,3.jpg
30.jpg,1,0.6694,1,0.8048,2,0.4165,1,0.5277,1,0.4894,2,0.3868,False,30.jpg
31.jpg,3,0.4972,1,0.6147,2,0.4724,1,0.6249,1,0.7357,2,0.471,False,31.jpg
32.jpg,3,0.5876,1,0.6658,3,0.5703,1,0.4055,1,0.4623,1,0.5886,False,32.jpg
33.jpg,3,0.5728,1,0.4277,3,0.5595,2,0.3605,1,0.4498,1,0.4899,False,33.jpg
34.jpg,3,0.4713,1,0.5599,3,0.5223,1,0.4262,1,0.7184,2,0.4363,False,34.jpg
35.jpg,1,0.4217,2,0.4064,3,0.4651,2,0.3687,1,0.536,2,0.4055,False,35.jpg
36.jpg,1,0.6603,3,0.4936,1,0.3913,2,0.3999,1,0.6939,1,0.4226,False,36.jpg
37.jpg,1,0.7756,2,0.4673,2,0.4545,1,0.5489,1,0.5888,1,0.7408,False,37.jpg
38.jpg,1,0.7292,2,0.4932,1,0.4159,1,0.4192,1,0.62,1,0.8354,False,38.jpg
39.jpg,1,0.8223,1,0.4572,1,0.4652,1,0.5413,1,0.5462,1,0.8347,False,39.jpg
4.jpg,3,0.3648,1,0.425,3,0.6073,3,0.7721,1,0.4553,2,0.4242,False,4.jpg
40.jpg,1,0.6817,1,0.4118,2,0.3776,1,0.4314,1,0.3894,1,0.7475,False,40.jpg
41.jpg,1,0.638,1,0.3558,1,0.3599,1,0.4576,0,0.4817,1,0.7951,False,41.jpg
42.jpg,1,0.8335,1,0.6617,2,0.4338,1,0.6723,0,0.5574,1,0.734,False,42.jpg
43.jpg,1,0.7006,1,0.7686,2,0.4977,1,0.5924,1,0.6027,1,0.3554,False,43.jpg
44.jpg,1,0.8405,1,0.6527,3,0.835,2,0.4644,1,0.8399,3,0.721,False,44.jpg
45.jpg,1,0.8178,1,0.4724,2,0.4898,1,0.4907,1,0.6115,1,0.5056,False,45.jpg
46.jpg,1,0.9151,1,0.73,2,0.4018,1,0.7464,1,0.5692,3,0.7013,False,46.jpg
47.jpg,1,0.845,1,0.7419,3,0.7162,1,0.4686,1,0.7935,3,0.6222,False,47.jpg
48.jpg,1,0.7918,1,0.4527,2,0.4279,2,0.4275,1,0.5498,3,0.3981,False,48.jpg
5.jpg,1,0.465,2,0.4473,3,0.7539,3,0.7685,3,0.3691,1,0.5649,False,5.jpg
6.jpg,1,0.3718,2,0.3859,3,0.3942,2,0.3952,1,0.3365,1,0.6244,False,6.jpg
7.jpg,1,0.7006,1,0.7686,2,0.4977,1,0.5924,1,0.6027,1,0.3554,False,7.jpg
8.jpg,1,0.8281,1,0.7355,1,0.3967,1,0.612,0,0.4876,3,0.5596,False,8.jpg
9.jpg,3,0.7349,1,0.6346,3,0.4784,2,0.3997,1,0.3944,1,0.4105,False,9.jpg
synthetic_0001.jpg,1,0.8504,1,0.6501,3,0.8479,2,0.4777,1,0.8003,3,0.7066,True,44.jpg
synthetic_0002.jpg,1,0.4189,2,0.3873,3,0.4917,2,0.3922,1,0.551,2,0.409,True,35.jpg
synthetic_0003.jpg,1,0.6907,2,0.3995,2,0.389,1,0.4419,1,0.4502,1,0.8595,True,22.jpg
synthetic_0004.jpg,1,0.8223,1,0.4568,2,0.4421,2,0.4016,1,0.5546,3,0.3927,True,48.jpg
synthetic_0005.jpg,1,0.5103,1,0.5017,0,0.5059,0,0.6195,0,0.7041,1,0.6134,True,16.jpg
synthetic_0006.jpg,1,0.6913,1,0.43,3,0.6363,2,0.3846,0,0.4551,3,0.5696,True,28.jpg
synthetic_0007.jpg,1,0.8721,1,0.6398,3,0.8215,2,0.4538,1,0.7893,3,0.695,True,44.jpg
synthetic_0008.jpg,1,0.9017,1,0.7768,1,0.5814,1,0.7194,1,0.603,1,0.7278,True,26.jpg
synthetic_0009.jpg,1,0.4314,1,0.4739,3,0.4126,2,0.4635,1,0.6849,1,0.6893,True,3.jpg
synthetic_0010.jpg,1,0.3863,0,0.4924,0,0.8096,0,0.8915,0,0.9777,0,0.8862,True,19.jpg
synthetic_0011.jpg,1,0.3661,0,0.4746,0,0.8408,0,0.8973,0,0.9139,0,0.9256,True,19.jpg
synthetic_0012.jpg,1,0.6601,1,0.8344,2,0.4029,1,0.5617,1,0.4993,2,0.4176,True,30.jpg
synthetic_0013.jpg,1,0.6428,1,0.3573,1,0.3767,1,0.4624,0,0.4724,1,0.7726,True,41.jpg
synthetic_0014.jpg,1,0.7795,1,0.4552,2,0.4767,1,0.5427,1,0.6094,1,0.4872,True,45.jpg
synthetic_0015.jpg,1,0.6349,1,0.8353,2,0.4076,1,0.539,1,0.5423,2,0.4072,True,30.jpg
synthetic_0016.jpg,3,0.3536,1,0.4358,3,0.5695,3,0.7369,1,0.4252,2,0.4296,True,11.jpg
synthetic_0017.jpg,3,0.3918,3,0.3707,3,0.6033,3,0.7927,1,0.3424,1,0.7242,True,29.jpg
synthetic_0018.jpg,1,0.4471,1,0.4364,3,0.3649,2,0.4463,1,0.6723,1,0.6799,True,10.jpg
synthetic_0019.jpg,1,0.6512,1,0.7873,2,0.3848,1,0.5535,1,0.5111,2,0.3946,True,30.jpg
synthetic_0020.jpg,1,0.4368,2,0.4196,3,0.7691,3,0.782,3,0.3711,1,0.5384,True,5.jpg
synthetic_0021.jpg,1,0.6896,3,0.5121,1,0.407,2,0.3971,1,0.7001,1,0.4435,True,36.jpg
synthetic_0022.jpg,1,0.6961,1,0.8068,2,0.5062,1,0.5679,1,0.5949,1,0.3788,True,43.jpg
synthetic_0023.jpg,1,0.4422,1,0.4122,3,0.3941,2,0.4345,1,0.6683,1,0.6685,True,10.jpg
synthetic_0024.jpg,1,0.6675,1,0.4697,3,0.6065,2,0.3806,0,0.4666,3,0.5419,True,28.jpg
synthetic_0025.jpg,1,0.8114,1,0.4442,1,0.4651,1,0.5297,1,0.5586,1,0.8041,True,39.jpg
synthetic_0026.jpg,3,0.7371,1,0.6249,3,0.4552,2,0.4115,1,0.387,1,0.4208,True,2.jpg
synthetic_0027.jpg,3,0.3891,3,0.3796,3,0.6424,3,0.811,1,0.3448,1,0.7246,True,29.jpg
synthetic_0028.jpg,1,0.4725,2,0.43,3,0.7714,3,0.7764,3,0.3685,1,0.5637,True,5.jpg
synthetic_0029.jpg,3,0.4852,1,0.6157,2,0.468,1,0.601,1,0.7582,2,0.4935,True,31.jpg
synthetic_0030.jpg,3,0.567,1,0.4111,3,0.56,2,0.3694,1,0.4488,1,0.4832,True,33.jpg
synthetic_0031.jpg,1,0.833,1,0.7473,3,0.7204,1,0.4925,1,0.758,3,0.6335,True,47.jpg
synthetic_0032.jpg,3,0.5083,1,0.5589,3,0.4815,1,0.414,1,0.7436,2,0.4159,True,34.jpg
synthetic_0033.jpg,1,0.839,1,0.5778,1,0.4398,1,0.5178,1,0.4602,1,0.8977,True,23.jpg
synthetic_0034.jpg,1,0.6565,2,0.4134,2,0.3715,1,0.4386,1,0.4586,1,0.8669,True,22.jpg
synthetic_0035.jpg,1,0.8446,1,0.724,1,0.3767,1,0.5963,0,0.4757,3,0.5641,True,8.jpg
synthetic_0036.jpg,1,0.4406,2,0.4624,3,0.7483,3,0.7815,3,0.3966,1,0.5575,True,5.jpg
synthetic_0037.jpg,3,0.369,1,0.435,3,0.6433,3,0.7697,1,0.4126,2,0.4216,True,11.jpg
synthetic_0038.jpg,1,0.7943,1,0.6421,2,0.4466,1,0.6807,0,0.6202,1,0.7505,True,42.jpg
synthetic_0039.jpg,1,0.6411,2,0.4338,2,0.3147,1,0.5886,0,0.6819,1,0.7162,True,15.jpg
synthetic_0040.jpg,1,0.6999,1,0.4734,3,0.619,2,0.3889,0,0.478,3,0.5107,True,28.jpg
synthetic_0041.jpg,1,0.7074,1,0.5855,2,0.4377,0,0.6284,0,0.6627,1,0.6619,True,17.jpg
synthetic_0042.jpg,1,0.8439,1,0.6636,3,0.8535,2,0.4569,1,0.8456,3,0.7486,True,44.jpg
synthetic_0043.jpg,1,0.6601,2,0.4403,2,0.4558,1,0.4389,1,0.4795,1,0.8312,True,25.jpg
synthetic_0044.jpg,1,0.459,2,0.4587,3,0.741,3,0.7605,3,0.382,1,0.5787,True,12.jpg
synthetic_0045.jpg,3,0.4676,1,0.5994,2,0.4864,1,0.6294,1,0.7468,2,0.4609,True,31.jpg
synthetic_0046.jpg,1,0.8245,1,0.4969,1,0.3314,1,0.5401,0,0.4878,1,0.8762,True,21.jpg
synthetic_0047.jpg,1,0.6834,1,0.5863,2,0.4276,0,0.5856,0,0.6599,1,0.6328,True,17.jpg
synthetic_0048.jpg,3,0.6087,1,0.6668,3,0.583,1,0.3703,1,0.4593,1,0.5839,True,32.jpg
synthetic_0049.jpg,1,0.4477,1,0.4454,3,0.4344,2,0.4082,1,0.659,1,0.6574,True,10.jpg
synthetic_0050.jpg,1,0.3665,1,0.534,3,0.3923,1,0.4989,1,0.5371,3,0.5207,True,27.jpg
synthetic_0051.jpg,3,0.4778,1,0.5727,3,0.5486,1,0.4152,1,0.7303,2,0.418,True,34.jpg
synthetic_0052.jpg,1,0.8204,1,0.7023,1,0.4007,1,0.6632,0,0.4288,3,0.543,True,8.jpg
synthetic_0053.jpg,1,0.6542,2,0.4305,2,0.3676,1,0.595,0,0.6739,1,0.7236,True,15.jpg
synthetic_0054.jpg,1,0.4772,2,0.4231,3,0.7401,3,0.7722,3,0.373,1,0.5506,True,5.jpg
synthetic_0055.jpg,1,0.5356,1,0.5038,0,0.5424,0,0.6423,0,0.6622,1,0.5935,True,16.jpg
synthetic_0056.jpg,1,0.8467,1,0.7364,1,0.4007,1,0.6521,0,0.4798,3,0.5893,True,8.jpg
synthetic_0057.jpg,1,0.6649,1,0.3946,2,0.3646,1,0.4726,1,0.4119,1,0.7359,True,40.jpg
synthetic_0058.jpg,1,0.8327,1,0.5253,1,0.3138,1,0.5456,0,0.505,1,0.8757,True,21.jpg
synthetic_0059.jpg,1,0.5925,1,0.6569,2,0.3882,1,0.6411,1,0.573,1,0.7758,True,24.jpg
synthetic_0060.jpg,1,0.6575,1,0.3443,1,0.3684,1,0.4695,0,0.4898,1,0.8045,True,41.jpg
synthetic_0061.jpg,1,0.8082,1,0.4891,2,0.5003,1,0.5063,1,0.5921,1,0.5071,True,45.jpg
synthetic_0062.jpg,1,0.4613,2,0.4247,3,0.7424,3,0.7575,3,0.3415,1,0.5798,True,12.jpg
synthetic_0063.jpg,1,0.4187,1,0.4508,3,0.4129,2,0.4223,1,0.6504,1,0.6827,True,10.jpg
synthetic_0064.jpg,1,0.6372,1,0.5909,2,0.5661,1,0.4665,1,0.6345,1,0.6993,True,14.jpg
synthetic_0065.jpg,1,0.8613,1,0.6925,3,0.7508,1,0.4652,1,0.8126,3,0.6396,True,47.jpg
synthetic_0066.jpg,1,0.4921,2,0.4314,3,0.7626,3,0.7594,3,0.3794,1,0.5826,True,12.jpg
synthetic_0067.jpg,1,0.4203,2,0.4179,3,0.4659,2,0.3826,1,0.5505,2,0.3902,True,35.jpg
synthetic_0068.jpg,1,0.6825,2,0.4495,2,0.457,1,0.4235,1,0.4794,1,0.8578,True,25.jpg
synthetic_0069.jpg,3,0.5948,1,0.6732,3,0.5826,1,0.4073,1,0.4495,1,0.6023,True,32.jpg
synthetic_0070.jpg,1,0.4521,2,0.4352,3,0.7334,3,0.7981,3,0.3777,1,0.5607,True,5.jpg
synthetic_0071.jpg,3,0.372,1,0.4267,3,0.6022,3,0.7493,1,0.4713,2,0.4457,True,4.jpg
synthetic_0072.jpg,1,0.6027,2,0.4032,0,0.4617,0,0.6177,0,0.6491,1,0.6656,True,18.jpg
synthetic_0073.jpg,1,0.6373,1,0.3792,1,0.3679,1,0.4433,0,0.5055,1,0.7794,True,41.jpg
synthetic_0074.jpg,1,0.8702,1,0.5381,1,0.3364,1,0.4841,0,0.5002,1,0.8433,True,21.jpg
synthetic_0075.jpg,1,0.7232,2,0.4741,2,0.4448,1,0.5472,1,0.5958,1,0.7469,True,37.jpg
synthetic_0076.jpg,3,0.7513,1,0.6264,3,0.5099,2,0.3973,1,0.4158,1,0.4249,True,9.jpg
synthetic_0077.jpg,1,0.6794,2,0.4218,2,0.3606,1,0.4686,1,0.4712,1,0.8658,True,22.jpg
synthetic_0078.jpg,1,0.509,1,0.5081,0,0.4784,0,0.6241,0,0.645,1,0.609,True,16.jpg
synthetic_0079.jpg,1,0.8407,1,0.5409,1,0.328,1,0.5009,0,0.4827,1,0.8441,True,21.jpg
synthetic_0080.jpg,1,0.401,1,0.4318,3,0.4343,2,0.4758,1,0.648,1,0.687,True,3.jpg
synthetic_0081.jpg,1,0.8134,1,0.4782,2,0.5235,1,0.5151,1,0.598,1,0.4935,True,45.jpg
synthetic_0082.jpg,1,0.7031,1,0.4999,3,0.5983,2,0.4092,0,0.4706,3,0.5772,True,28.jpg
synthetic_0083.jpg,1,0.8689,1,0.6,1,0.4663,1,0.516,1,0.4625,1,0.9381,True,23.jpg
synthetic_0084.jpg,1,0.3614,2,0.3794,3,0.3934,2,0.376,1,0.3303,1,0.6091,True,6.jpg
synthetic_0085.jpg,1,0.6462,2,0.4776,2,0.4511,1,0.397,1,0.4312,1,0.846,True,25.jpg
synthetic_0086.jpg,1,0.8181,1,0.7273,1,0.4144,1,0.6338,0,0.4919,3,0.5768,True,8.jpg
synthetic_0087.jpg,1,0.6877,1,0.764,2,0.4295,1,0.5654,1,0.4894,2,0.3791,True,30.jpg
synthetic_0088.jpg,3,0.5942,1,0.6456,3,0.5388,1,0.4364,1,0.446,1,0.5877,True,32.jpg
synthetic_0089.jpg,3,0.4866,1,0.5773,2,0.5019,1,0.6151,1,0.7489,2,0.4715,True,31.jpg
synthetic_0090.jpg,1,0.3821,2,0.3789,3,0.4218,2,0.3728,1,0.3553,1,0.586,True,6.jpg
synthetic_0091.jpg,1,0.917,1,0.7304,2,0.3893,1,0.7492,1,0.537,3,0.701,True,46.jpg
synthetic_0092.jpg,1,0.4411,2,0.4399,3,0.473,2,0.3333,1,0.5207,2,0.3917,True,35.jpg
synthetic_0093.jpg,1,0.6637,2,0.4381,2,0.395,1,0.4448,1,0.4563,1,0.8605,True,22.jpg
synthetic_0094.jpg,1,0.3652,2,0.3815,3,0.3994,2,0.3922,1,0.3177,1,0.6533,True,6.jpg
synthetic_0095.jpg,1,0.8203,1,0.7521,1,0.3857,1,0.6027,0,0.5042,3,0.5345,True,1.jpg
synthetic_0096.jpg,3,0.4679,1,0.5705,2,0.459,1,0.593,1,0.7318,2,0.4873,True,31.jpg
synthetic_0097.jpg,1,0.6736,2,0.4365,2,0.3256,1,0.6166,0,0.6555,1,0.7193,True,15.jpg
synthetic_0098.jpg,1,0.6978,1,0.6343,2,0.4332,0,0.6033,0,0.6237,1,0.6213,True,17.jpg
synthetic_0099.jpg,1,0.6695,1,0.7752,2,0.4274,1,0.5043,1,0.5021,2,0.4026,True,30.jpg
synthetic_0100.jpg,1,0.8234,1,0.7584,1,0.3893,1,0.5546,0,0.4628,3,0.5664,True,1.jpg
synthetic_0101.jpg,1,0.4367,2,0.4541,3,0.7693,3,0.7679,3,0.3703,1,0.5763,True,5.jpg
synthetic_0102.jpg,1,0.5066,1,0.5085,0,0.4507,0,0.6469,0,0.6681,1,0.5993,True,16.jpg
synthetic_0103.jpg,1,0.6625,1,0.8175,2,0.4395,1,0.5609,1,0.5166,2,0.3802,True,30.jpg
synthetic_0104.jpg,1,0.3594,0,0.5202,0,0.8034,0,0.882,0,0.9123,0,0.897,True,19.jpg
synthetic_0105.jpg,1,0.5827,1,0.6404,2,0.3874,1,0.6086,1,0.5281,1,0.7441,True,24.jpg
synthetic_0106.jpg,1,0.5231,1,0.5218,0,0.4853,0,0.6209,0,0.6663,1,0.5634,True,16.jpg
synthetic_0107.jpg,1,0.7194,1,0.4026,2,0.3517,1,0.4114,1,0.4254,1,0.8065,True,40.jpg
synthetic_0108.jpg,1,0.6852,1,0.3948,2,0.4008,1,0.4374,1,0.4142,1,0.7724,True,40.jpg
synthetic_0109.jpg,1,0.8275,1,0.4738,1,0.4558,1,0.5566,1,0.5504,1,0.8077,True,39.jpg
synthetic_0110.jpg,1,0.5832,1,0.4641,3,0.4395,1,0.5781,1,0.7592,1,0.7148,True,13.jpg
synthetic_0111.jpg,1,0.8066,1,0.7433,3,0.7153,1,0.4666,1,0.8096,3,0.6318,True,47.jpg
synthetic_0112.jpg,1,0.84,1,0.6431,3,0.8445,2,0.4603,1,0.8204,3,0.7319,True,44.jpg
synthetic_0113.jpg,1,0.9163,1,0.7396,2,0.4033,1,0.7288,1,0.5787,3,0.7123,True,46.jpg
synthetic_0114.jpg,3,0.5206,1,0.5666,3,0.4966,1,0.4097,1,0.7285,2,0.4312,True,34.jpg
synthetic_0115.jpg,1,0.6639,2,0.4526,2,0.346,1,0.6018,0,0.682,1,0.7224,True,15.jpg
synthetic_0116.jpg,1,0.6986,1,0.6087,2,0.3998,0,0.6213,0,0.719,1,0.6335,True,17.jpg
synthetic_0117.jpg,1,0.5143,1,0.5114,0,0.4766,0,0.6298,0,0.6704,1,0.5816,True,16.jpg
synthetic_0118.jpg,3,0.7115,1,0.615,3,0.4698,2,0.3836,1,0.3842,1,0.3661,True,2.jpg
synthetic_0119.jpg,3,0.3877,1,0.4161,3,0.6373,3,0.802,1,0.4548,2,0.4196,True,4.jpg
synthetic_0120.jpg,1,0.8373,1,0.4647,1,0.4822,1,0.5359,1,0.5108,1,0.8177,True,39.jpg
synthetic_0121.jpg,3,0.7507,1,0.6497,3,0.4714,2,0.3993,1,0.3805,1,0.414,True,9.jpg
synthetic_0122.jpg,1,0.4226,1,0.4218,3,0.4064,2,0.4238,1,0.6547,1,0.7328,True,3.jpg
synthetic_0123.jpg,1,0.6975,1,0.8222,2,0.4101,1,0.4792,1,0.4789,2,0.3941,True,30.jpg
synthetic_0124.jpg,1,0.8055,1,0.6888,2,0.4753,1,0.69,0,0.5604,1,0.7277,True,42.jpg
synthetic_0125.jpg,1,0.6934,1,0.4201,2,0.3852,1,0.4461,1,0.373,1,0.7659,True,40.jpg
synthetic_0126.jpg,1,0.5088,2,0.4848,3,0.7625,3,0.7629,3,0.3915,1,0.5746,True,5.jpg
synthetic_0127.jpg,1,0.798,1,0.4569,2,0.5104,1,0.492,1,0.6115,1,0.514,True,45.jpg
synthetic_0128.jpg,3,0.4008,3,0.3665,3,0.6171,3,0.7879,1,0.3371,1,0.7253,True,29.jpg
synthetic_0129.jpg,3,0.5748,1,0.3921,3,0.5543,2,0.3292,1,0.4432,1,0.531,True,33.jpg
synthetic_0130.jpg,1,0.6716,1,0.4417,2,0.3737,1,0.4208,1,0.3925,1,0.7249,True,40.jpg
synthetic_0131.jpg,1,0.7971,1,0.7486,1,0.3953,1,0.6279,0,0.5041,3,0.5691,True,1.jpg
synthetic_0132.jpg,1,0.6831,1,0.4107,2,0.3769,1,0.4063,1,0.3721,1,0.729,True,40.jpg
synthetic_0133.jpg,1,0.8123,1,0.6673,2,0.4484,1,0.6782,0,0.5442,1,0.7451,True,42.jpg
synthetic_0134.jpg,1,0.8376,1,0.713,1,0.3977,1,0.5849,0,0.4815,3,0.5412,True,8.jpg
synthetic_0135.jpg,1,0.8205,1,0.5819,1,0.3382,1,0.5307,0,0.4591,1,0.8626,True,21.jpg
synthetic_0136.jpg,3,0.3958,1,0.4276,3,0.6057,3,0.7714,1,0.4389,2,0.4183,True,11.jpg
synthetic_0137.jpg,1,0.8124,1,0.7377,1,0.3983,1,0.5797,0,0.4781,3,0.5791,True,1.jpg
synthetic_0138.jpg,1,0.5783,1,0.4957,3,0.3926,1,0.5769,1,0.7865,1,0.7596,True,13.jpg
synthetic_0139.jpg,3,0.6039,1,0.6754,3,0.5886,1,0.3908,1,0.4676,1,0.5637,True,32.jpg
synthetic_0140.jpg,1,0.8143,1,0.5375,1,0.3304,1,0.5052,0,0.4899,1,0.872,True,21.jpg
synthetic_0141.jpg,1,0.845,1,0.6369,3,0.855,2,0.4684,1,0.8569,3,0.7068,True,44.jpg
synthetic_0142.jpg,3,0.5989,1,0.4371,3,0.5016,2,0.3835,1,0.4471,1,0.4647,True,33.jpg
synthetic_0143.jpg,1,0.6605,1,0.6565,2,0.4515,0,0.5937,0,0.6716,1,0.6226,True,17.jpg
synthetic_0144.jpg,1,0.6814,2,0.4585,2,0.3823,1,0.4395,1,0.4696,1,0.8642,True,22.jpg
synthetic_0145.jpg,1,0.6829,2,0.4635,2,0.4073,1,0.4469,1,0.477,1,0.9189,True,22.jpg
synthetic_0146.jpg,3,0.6032,1,0.6556,3,0.5495,1,0.4194,1,0.4506,1,0.5973,True,32.jpg
synthetic_0147.jpg,1,0.8203,1,0.7221,3,0.7285,1,0.4721,1,0.7447,3,0.5946,True,47.jpg
synthetic_0148.jpg,1,0.6191,3,0.4186,1,0.6418,1,0.4882,1,0.4677,1,0.9019,True,20.jpg
synthetic_0149.jpg,1,0.7396,2,0.4943,1,0.4034,1,0.4026,1,0.6485,1,0.8558,True,38.jpg
synthetic_0150.jpg,1,0.8464,1,0.6746,3,0.8733,2,0.4661,1,0.8584,3,0.7628,True,44.jpg
synthetic_0151.jpg,1,0.7342,2,0.4594,1,0.4121,1,0.3978,1,0.6393,1,0.8037,True,38.jpg
synthetic_0152.jpg,1,0.4719,2,0.4779,3,0.7582,3,0.7101,3,0.3938,1,0.5273,True,12.jpg
synthetic_0153.jpg,1,0.6467,3,0.4904,1,0.4087,2,0.4086,1,0.6957,1,0.46,True,36.jpg
synthetic_0154.jpg,1,0.8381,1,0.6532,2,0.4437,1,0.6904,0,0.5613,1,0.7418,True,42.jpg
synthetic_0155.jpg,1,0.4467,1,0.42,3,0.4164,2,0.3914,1,0.6505,1,0.6557,True,3.jpg
synthetic_0156.jpg,1,0.8262,1,0.6196,3,0.8423,2,0.4442,1,0.8336,3,0.7317,True,44.jpg
synthetic_0157.jpg,1,0.4091,2,0.4024,3,0.4423,2,0.4076,1,0.3488,1,0.5717,True,6.jpg
synthetic_0158.jpg,1,0.6872,2,0.4331,2,0.3839,1,0.4794,1,0.4958,1,0.8705,True,22.jpg
synthetic_0159.jpg,1,0.768,1,0.4269,2,0.4319,2,0.4279,1,0.547,3,0.4047,True,48.jpg
synthetic_0160.jpg,1,0.4348,2,0.3805,3,0.4861,2,0.3541,1,0.527,2,0.424,True,35.jpg
synthetic_0161.jpg,1,0.6185,1,0.3491,1,0.382,1,0.4539,0,0.4817,1,0.7748,True,41.jpg
synthetic_0162.jpg,1,0.6612,3,0.4545,1,0.6866,1,0.523,1,0.4824,1,0.9149,True,20.jpg
synthetic_0163.jpg,1,0.7524,2,0.488,1,0.4287,1,0.4063,1,0.5911,1,0.8169,True,38.jpg
synthetic_0164.jpg,1,0.6513,2,0.4017,2,0.3032,1,0.5903,0,0.6149,1,0.73,True,15.jpg
synthetic_0165.jpg,3,0.4314,3,0.3865,3,0.645,3,0.7679,1,0.3263,1,0.6953,True,29.jpg
synthetic_0166.jpg,3,0.4796,1,0.5544,3,0.4994,1,0.4071,1,0.694,2,0.4281,True,34.jpg
synthetic_0167.jpg,1,0.4572,1,0.3863,3,0.4195,2,0.4412,1,0.6527,1,0.6532,True,10.jpg
synthetic_0168.jpg,1,0.8829,1,0.7408,3,0.7011,1,0.5011,1,0.7905,3,0.6352,True,47.jpg
synthetic_0169.jpg,1,0.3669,2,0.3813,3,0.3929,2,0.4017,1,0.3274,1,0.6416,True,6.jpg
synthetic_0170.jpg,1,0.646,1,0.576,2,0.5299,1,0.4616,1,0.6463,1,0.7194,True,14.jpg
synthetic_0171.jpg,3,0.4535,1,0.5969,3,0.5287,1,0.4204,1,0.7249,2,0.4371,True,34.jpg
synthetic_0172.jpg,3,0.455,1,0.5824,3,0.5307,1,0.3949,1,0.7244,2,0.4073,True,34.jpg
synthetic_0173.jpg,1,0.4635,2,0.4419,3,0.7862,3,0.7862,3,0.3815,1,0.5589,True,5.jpg
synthetic_0174.jpg,1,0.4718,2,0.4252,3,0.763,3,0.7669,3,0.3463,1,0.5639,True,5.jpg
synthetic_0175.jpg,1,0.4073,1,0.6036,3,0.3981,1,0.47,1,0.5352,3,0.5869,True,27.jpg
synthetic_0176.jpg,1,0.6768,3,0.4948,1,0.4106,2,0.4638,1,0.6924,1,0.4004,True,36.jpg
synthetic_0177.jpg,1,0.3757,0,0.4751,0,0.862,0,0.8971,0,0.9519,0,0.9385,True,19.jpg
synthetic_0178.jpg,3,0.5004,1,0.5594,3,0.4977,1,0.4112,1,0.697,2,0.4562,True,34.jpg
synthetic_0179.jpg,3,0.4919,1,0.6187,2,0.4843,1,0.6164,1,0.7046,2,0.4766,True,31.jpg
synthetic_0180.jpg,1,0.8949,1,0.6498,3,0.849,2,0.4874,1,0.8563,3,0.7562,True,44.jpg
synthetic_0181.jpg,1,0.8348,1,0.4457,1,0.4592,1,0.5436,1,0.5537,1,0.8421,True,39.jpg
synthetic_0182.jpg,1,0.811,1,0.7246,1,0.4242,1,0.5832,0,0.4696,3,0.5674,True,1.jpg
synthetic_0183.jpg,3,0.5514,1,0.427,3,0.5565,2,0.3789,1,0.4324,1,0.4888,True,33.jpg
synthetic_0184.jpg,1,0.6551,3,0.4102,1,0.6654,1,0.4821,1,0.4929,1,0.9377,True,20.jpg
synthetic_0185.jpg,1,0.9106,1,0.7157,2,0.3983,1,0.7839,1,0.5454,3,0.7232,True,46.jpg
synthetic_0186.jpg,3,0.3791,1,0.4271,3,0.6076,3,0.7937,1,0.4882,2,0.4117,True,11.jpg
synthetic_0187.jpg,1,0.85,1,0.6476,3,0.8131,2,0.4555,1,0.8219,3,0.6946,True,44.jpg
synthetic_0188.jpg,1,0.6596,1,0.5922,2,0.4945,1,0.4922,1,0.6301,1,0.72,True,14.jpg
synthetic_0189.jpg,1,0.4981,1,0.4638,0,0.5396,0,0.6129,0,0.656,1,0.5639,True,16.jpg
synthetic_0190.jpg,3,0.5425,1,0.4495,3,0.5426,2,0.3776,1,0.4619,1,0.4886,True,33.jpg
synthetic_0191.jpg,1,0.6837,1,0.6438,2,0.3899,0,0.6237,0,0.6529,1,0.6516,True,17.jpg
synthetic_0192.jpg,1,0.8506,1,0.6202,2,0.3907,1,0.6554,0,0.5541,1,0.7249,True,42.jpg
synthetic_0193.jpg,1,0.8266,1,0.4503,1,0.4524,1,0.5284,1,0.547,1,0.8338,True,39.jpg
synthetic_0194.jpg,1,0.8201,1,0.7345,3,0.6897,1,0.4892,1,0.7735,3,0.6234,True,47.jpg
synthetic_0195.jpg,1,0.4685,2,0.4191,3,0.7867,3,0.7618,3,0.3839,1,0.5819,True,5.jpg
synthetic_0196.jpg,1,0.6771,1,0.7892,2,0.4367,1,0.5196,1,0.4791,2,0.3419,True,30.jpg
synthetic_0197.jpg,1,0.66,2,0.4094,2,0.3713,1,0.4192,1,0.4671,1,0.8583,True,22.jpg
synthetic_0198.jpg,1,0.7323,2,0.5282,1,0.4609,1,0.4277,1,0.6001,1,0.8396,True,38.jpg
synthetic_0199.jpg,1,0.7304,2,0.5119,1,0.4355,1,0.4605,1,0.5688,1,0.8594,True,38.jpg
synthetic_0200.jpg,1,0.6465,1,0.8302,2,0.41,1,0.5063,1,0.4856,2,0.377,True,30.jpg
synthetic_0201.jpg,1,0.9223,1,0.7444,2,0.3518,1,0.7469,1,0.6175,3,0.6638,True,46.jpg
synthetic_0202.jpg,3,0.7461,1,0.612,3,0.5242,2,0.4279,1,0.4101,1,0.4229,True,2.jpg
synthetic_0203.jpg,1,0.8622,1,0.6422,3,0.8072,2,0.4628,1,0.8395,3,0.7083,True,44.jpg
synthetic_0204.jpg,1,0.4619,1,0.45,3,0.3805,2,0.4477,1,0.6576,1,0.6493,True,10.jpg
synthetic_0205.jpg,3,0.3372,1,0.4006,3,0.6278,3,0.7509,1,0.4557,2,0.4117,True,11.jpg
synthetic_0206.jpg,1,0.8147,1,0.676,2,0.4826,1,0.6809,0,0.5683,1,0.7303,True,42.jpg
synthetic_0207.jpg,1,0.5962,1,0.632,2,0.4223,1,0.6169,1,0.5649,1,0.7537,True,24.jpg
synthetic_0208.jpg,1,0.4511,1,0.4327,3,0.4247,2,0.4584,1,0.6852,1,0.629,True,10.jpg
synthetic_0209.jpg,1,0.4511,1,0.4544,3,0.4253,2,0.4624,1,0.6772,1,0.691,True,10.jpg
synthetic_0210.jpg,3,0.5484,1,0.5688,3,0.5394,1,0.478,1,0.7328,2,0.4618,True,34.jpg
synthetic_0211.jpg,1,0.4522,1,0.433,3,0.4286,2,0.4503,1,0.6717,1,0.6861,True,3.jpg
synthetic_0212.jpg,1,0.8562,1,0.6849,2,0.4394,1,0.6788,0,0.5578,1,0.7112,True,42.jpg
synthetic_0213.jpg,1,0.7483,2,0.4716,1,0.418,1,0.4231,1,0.6335,1,0.8314,True,38.jpg
synthetic_0214.jpg,1,0.8353,1,0.4695,1,0.4639,1,0.5342,1,0.558,1,0.8346,True,39.jpg
synthetic_0215.jpg,1,0.8218,1,0.7474,1,0.3816,1,0.6188,0,0.4805,3,0.5716,True,1.jpg
synthetic_0216.jpg,1,0.9016,1,0.7922,1,0.5398,1,0.7018,1,0.5972,1,0.7246,True,26.jpg
synthetic_0217.jpg,1,0.4253,1,0.4467,3,0.3795,2,0.4421,1,0.6649,1,0.6584,True,10.jpg
synthetic_0218.jpg,1,0.4603,2,0.4223,3,0.7519,3,0.7949,3,0.4001,1,0.5665,True,5.jpg
synthetic_0219.jpg,3,0.5779,1,0.6843,3,0.5505,1,0.3854,1,0.4375,1,0.5977,True,32.jpg
synthetic_0220.jpg,1,0.7308,2,0.4895,1,0.3938,1,0.442,1,0.5906,1,0.8645,True,38.jpg
synthetic_0221.jpg,1,0.7074,1,0.5516,2,0.5269,1,0.4929,1,0.6206,1,0.7382,True,14.jpg
synthetic_0222.jpg,1,0.6919,2,0.5142,1,0.4437,1,0.4168,1,0.621,1,0.8512,True,38.jpg
synthetic_0223.jpg,1,0.4787,2,0.4332,3,0.7723,3,0.7261,3,0.3726,1,0.5666,True,12.jpg
synthetic_0224.jpg,1,0.3431,0,0.4466,0,0.8068,0,0.8789,0,0.9434,0,0.9374,True,19.jpg
synthetic_0225.jpg,1,0.5765,1,0.6057,2,0.3748,1,0.6465,1,0.584,1,0.774,True,24.jpg
synthetic_0226.jpg,1,0.7224,1,0.7807,2,0.5165,1,0.5919,1,0.6325,1,0.3382,True,43.jpg
synthetic_0227.jpg,1,0.6707,1,0.7792,2,0.3969,1,0.5077,1,0.4574,2,0.4149,True,30.jpg
synthetic_0228.jpg,1,0.5631,1,0.5163,3,0.4281,1,0.5435,1,0.7524,1,0.7552,True,13.jpg
synthetic_0229.jpg,3,0.3505,1,0.3834,3,0.6183,3,0.7889,1,0.4532,2,0.4153,True,4.jpg
synthetic_0230.jpg,1,0.6747,1,0.596,2,0.5039,1,0.4775,1,0.5844,1,0.7145,True,14.jpg
synthetic_0231.jpg,3,0.3975,3,0.3956,3,0.6144,3,0.7728,1,0.3338,1,0.7191,True,29.jpg
synthetic_0232.jpg,1,0.3797,0,0.4729,0,0.8115,0,0.8838,0,0.9717,0,0.9185,True,19.jpg
synthetic_0233.jpg,3,0.7358,1,0.6237,3,0.4664,2,0.3919,1,0.3948,1,0.4144,True,9.jpg
synthetic_0234.jpg,1,0.8263,1,0.5906,1,0.4511,1,0.5021,1,0.4829,1,0.9044,True,23.jpg
synthetic_0235.jpg,1,0.8652,1,0.4564,1,0.4333,1,0.5736,1,0.521,1,0.8687,True,39.jpg
synthetic_0236.jpg,1,0.7053,1,0.641,2,0.4185,0,0.6076,0,0.6515,1,0.6483,True,17.jpg
synthetic_0237.jpg,1,0.6206,1,0.5644,2,0.5229,1,0.4909,1,0.6098,1,0.7279,True,14.jpg
synthetic_0238.jpg,1,0.843,1,0.5856,1,0.4557,1,0.5509,1,0.4719,1,0.917,True,23.jpg
synthetic_0239.jpg,1,0.4085,2,0.3991,3,0.4696,2,0.3887,1,0.5616,2,0.3848,True,35.jpg
synthetic_0240.jpg,3,0.3818,1,0.4239,3,0.6346,3,0.7635,1,0.4665,2,0.4322,True,11.jpg
synthetic_0241.jpg,1,0.3859,1,0.5583,3,0.4055,1,0.4817,1,0.4922,3,0.5707,True,27.jpg
synthetic_0242.jpg,1,0.6357,1,0.3216,1,0.3513,1,0.4571,0,0.4866,1,0.7907,True,41.jpg
synthetic_0243.jpg,1,0.8965,1,0.7714,1,0.5478,1,0.6896,1,0.6187,1,0.6942,True,26.jpg
synthetic_0244.jpg,3,0.6049,1,0.6807,3,0.5812,1,0.412,1,0.4851,1,0.5756,True,32.jpg
synthetic_0245.jpg,3,0.3408,1,0.4284,3,0.6083,3,0.7485,1,0.4869,2,0.4024,True,11.jpg
synthetic_0246.jpg,1,0.8797,1,0.7947,1,0.5462,1,0.7315,1,0.5884,1,0.6955,True,26.jpg
synthetic_0247.jpg,1,0.3923,1,0.5525,3,0.389,1,0.4643,1,0.4982,3,0.5271,True,27.jpg
synthetic_0248.jpg,1,0.7161,2,0.5002,1,0.4026,1,0.4232,1,0.5948,1,0.8073,True,38.jpg
synthetic_0249.jpg,1,0.703,2,0.421,2,0.298,1,0.612,0,0.6561,1,0.7252,True,15.jpg
synthetic_0250.jpg,1,0.9232,1,0.7144,2,0.4368,1,0.7412,1,0.5785,3,0.7193,True,46.jpg
synthetic_0251.jpg,1,0.7971,1,0.4611,1,0.4403,1,0.553,1,0.5659,1,0.8165,True,39.jpg
synthetic_0252.jpg,1,0.8362,1,0.4528,2,0.4759,1,0.4812,1,0.61,1,0.536,True,45.jpg
synthetic_0253.jpg,1,0.8829,1,0.6609,3,0.8206,2,0.4818,1,0.8335,3,0.7312,True,44.jpg
synthetic_0254.jpg,1,0.683,2,0.4195,2,0.4725,1,0.3775,1,0.4721,1,0.8776,True,25.jpg
synthetic_0255.jpg,1,0.7874,1,0.493,2,0.4839,1,0.4932,1,0.5948,1,0.4924,True,45.jpg
synthetic_0256.jpg,1,0.8184,1,0.745,1,0.4217,1,0.6508,0,0.5294,3,0.5767,True,1.jpg
synthetic_0257.jpg,1,0.4007,0,0.4799,0,0.8247,0,0.8711,0,0.9063,0,0.8874,True,19.jpg
synthetic_0258.jpg,3,0.4571,1,0.5796,3,0.5279,1,0.4126,1,0.7221,2,0.4541,True,34.jpg
synthetic_0259.jpg,3,0.5061,1,0.648,2,0.4557,1,0.6352,1,0.7762,2,0.4744,True,31.jpg
synthetic_0260.jpg,1,0.4563,1,0.4605,3,0.4563,2,0.4423,1,0.663,1,0.6842,True,3.jpg
synthetic_0261.jpg,1,0.7571,2,0.4305,2,0.4307,1,0.5559,1,0.585,1,0.7173,True,37.jpg
synthetic_0262.jpg,1,0.6591,3,0.468,1,0.3975,2,0.4097,1,0.6868,1,0.4047,True,36.jpg
synthetic_0263.jpg,1,0.7802,1,0.7294,3,0.7289,1,0.4813,1,0.7899,3,0.6341,True,47.jpg
synthetic_0264.jpg,1,0.6612,1,0.4123,2,0.3859,1,0.4536,1,0.4169,1,0.7285,True,40.jpg
synthetic_0265.jpg,1,0.6626,2,0.4422,2,0.3224,1,0.6145,0,0.6166,1,0.7342,True,15.jpg
synthetic_0266.jpg,1,0.8143,1,0.5681,1,0.4421,1,0.5157,1,0.509,1,0.8709,True,23.jpg
synthetic_0267.jpg,3,0.6202,1,0.6695,3,0.5712,1,0.419,1,0.4338,1,0.6056,True,32.jpg
synthetic_0268.jpg,3,0.7063,1,0.6195,3,0.4755,2,0.4377,1,0.3891,1,0.3858,True,9.jpg
synthetic_0269.jpg,1,0.432,1,0.428,3,0.4327,2,0.436,1,0.6543,1,0.6841,True,10.jpg
synthetic_0270.jpg,1,0.8307,1,0.7074,1,0.4409,1,0.5925,0,0.4994,3,0.5721,True,1.jpg
synthetic_0271.jpg,3,0.7637,1,0.6161,3,0.4673,2,0.4218,1,0.3624,1,0.3966,True,9.jpg
synthetic_0272.jpg,3,0.7062,1,0.6076,3,0.451,2,0.3973,1,0.4036,1,0.4221,True,2.jpg
synthetic_0273.jpg,1,0.608,1,0.4617,3,0.4308,1,0.5101,1,0.8095,1,0.7464,True,13.jpg
synthetic_0274.jpg,1,0.8337,1,0.6828,2,0.4854,1,0.6892,0,0.5301,1,0.7232,True,42.jpg
synthetic_0275.jpg,1,0.7096,2,0.4742,1,0.3998,1,0.4085,1,0.6238,1,0.8152,True,38.jpg
synthetic_0276.jpg,1,0.7018,1,0.6715,2,0.4425,0,0.6122,0,0.6506,1,0.5876,True,17.jpg
synthetic_0277.jpg,1,0.9191,1,0.7399,2,0.4354,1,0.753,1,0.5777,3,0.7083,True,46.jpg
synthetic_0278.jpg,1,0.6697,1,0.4155,2,0.3665,1,0.4352,1,0.3898,1,0.7162,True,40.jpg
synthetic_0279.jpg,1,0.8878,1,0.7812,1,0.5568,1,0.7219,1,0.5959,1,0.7131,True,26.jpg
synthetic_0280.jpg,3,0.7272,1,0.6486,3,0.511,2,0.391,1,0.4042,1,0.4052,True,9.jpg
synthetic_0281.jpg,1,0.8416,1,0.5711,1,0.4371,1,0.5308,1,0.5144,1,0.9118,True,23.jpg
synthetic_0282.jpg,3,0.378,1,0.4274,3,0.6032,3,0.7669,1,0.4515,2,0.4182,True,11.jpg
synthetic_0283.jpg,1,0.4335,1,0.6033,3,0.3914,1,0.4884,1,0.5288,3,0.5279,True,27.jpg
synthetic_0284.jpg,1,0.6446,1,0.8029,2,0.3962,1,0.54,1,0.4635,2,0.4014,True,30.jpg
synthetic_0285.jpg,1,0.865,1,0.4802,1,0.4522,1,0.5226,1,0.5271,1,0.8414,True,39.jpg
synthetic_0286.jpg,1,0.6304,1,0.7907,2,0.392,1,0.5494,1,0.4988,2,0.3931,True,30.jpg
synthetic_0287.jpg,1,0.3724,0,0.4741,0,0.8389,0,0.8804,0,0.9682,0,0.9186,True,19.jpg
synthetic_0288.jpg,1,0.5268,1,0.5522,0,0.4923,0,0.6277,0,0.6697,1,0.5492,True,16.jpg
synthetic_0289.jpg,1,0.6436,1,0.3433,1,0.3646,1,0.4649,0,0.4754,1,0.8102,True,41.jpg
synthetic_0290.jpg,1,0.6881,1,0.8048,2,0.4666,1,0.6292,1,0.6027,1,0.3676,True,43.jpg
synthetic_0291.jpg,1,0.8136,1,0.4866,2,0.4964,1,0.4862,1,0.5865,1,0.4853,True,45.jpg
synthetic_0292.jpg,1,0.3919,1,0.5409,3,0.4197,1,0.4666,1,0.5265,3,0.5296,True,27.jpg
synthetic_0293.jpg,1,0.6699,1,0.4244,2,0.3377,1,0.431,1,0.407,1,0.7467,True,40.jpg
synthetic_0294.jpg,3,0.7519,1,0.6541,3,0.4859,2,0.3936,1,0.3854,1,0.4078,True,9.jpg
synthetic_0295.jpg,3,0.5043,1,0.6271,2,0.497,1,0.6409,1,0.7263,2,0.4777,True,31.jpg
synthetic_0296.jpg,1,0.6678,1,0.3804,2,0.3534,1,0.3991,1,0.3947,1,0.7761,True,40.jpg
synthetic_0297.jpg,3,0.5152,1,0.6002,2,0.5059,1,0.6038,1,0.727,2,0.4926,True,31.jpg
synthetic_0298.jpg,1,0.4278,2,0.4014,3,0.4735,2,0.3473,1,0.5347,2,0.3793,True,35.jpg
synthetic_0299.jpg,1,0.6787,2,0.4521,2,0.4405,1,0.4234,1,0.5111,1,0.8694,True,25.jpg
synthetic_0300.jpg,1,0.7132,1,0.781,2,0.4966,1,0.6266,1,0.5978,1,0.382,True,7.jpg
synthetic_0301.jpg,1,0.6458,2,0.4572,2,0.4658,1,0.4023,1,0.4619,1,0.8647,True,25.jpg
synthetic_0302.jpg,1,0.4296,1,0.4135,3,0.4149,2,0.4353,1,0.6499,1,0.6949,True,10.jpg
synthetic_0303.jpg,1,0.6966,1,0.4194,2,0.3884,1,0.4328,1,0.4043,1,0.7877,True,40.jpg
synthetic_0304.jpg,1,0.8515,1,0.5948,1,0.4263,1,0.5437,1,0.4747,1,0.9187,True,23.jpg
synthetic_0305.jpg,1,0.9147,1,0.7412,2,0.4052,1,0.7279,1,0.5562,3,0.7063,True,46.jpg
synthetic_0306.jpg,1,0.6403,1,0.3774,1,0.3316,1,0.4624,0,0.5081,1,0.816,True,41.jpg
synthetic_0307.jpg,1,0.8479,1,0.4739,1,0.463,1,0.5608,1,0.5746,1,0.8376,True,39.jpg
synthetic_0308.jpg,1,0.4532,2,0.4565,3,0.7358,3,0.7785,3,0.3571,1,0.5654,True,12.jpg
synthetic_0309.jpg,1,0.8332,1,0.4558,1,0.4505,1,0.5451,1,0.5089,1,0.8277,True,39.jpg
synthetic_0310.jpg,1,0.8349,1,0.4998,1,0.3482,1,0.5414,0,0.5062,1,0.9022,True,21.jpg
synthetic_0311.jpg,1,0.6916,1,0.467,3,0.6293,2,0.3435,0,0.4598,3,0.5264,True,28.jpg
synthetic_0312.jpg,3,0.7569,1,0.6388,3,0.4906,2,0.4133,1,0.4102,1,0.4411,True,9.jpg
synthetic_0313.jpg,1,0.4183,1,0.5575,3,0.3812,1,0.4605,1,0.475,3,0.5445,True,27.jpg
synthetic_0314.jpg,1,0.5313,1,0.4913,0,0.5014,0,0.5749,0,0.6805,1,0.5519,True,16.jpg
synthetic_0315.jpg,1,0.6938,2,0.4102,2,0.3504,1,0.6165,0,0.6366,1,0.7323,True,15.jpg
synthetic_0316.jpg,3,0.3652,1,0.4461,3,0.6101,3,0.7996,1,0.4699,2,0.3822,True,11.jpg
synthetic_0317.jpg,1,0.5995,1,0.636,2,0.441,1,0.6179,1,0.5888,1,0.7783,True,24.jpg
synthetic_0318.jpg,1,0.8161,1,0.4708,1,0.4731,1,0.5604,1,0.5271,1,0.8524,True,39.jpg
synthetic_0319.jpg,3,0.7414,1,0.6352,3,0.4822,2,0.4319,1,0.3863,1,0.3987,True,9.jpg
synthetic_0320.jpg,3,0.7323,1,0.6352,3,0.4722,2,0.426,1,0.4081,1,0.413,True,2.jpg
synthetic_0321.jpg,3,0.414,3,0.4102,3,0.615,3,0.8104,1,0.3394,1,0.7523,True,29.jpg
synthetic_0322.jpg,3,0.424,3,0.3811,3,0.6093,3,0.7924,1,0.349,1,0.7031,True,29.jpg
synthetic_0323.jpg,1,0.6842,1,0.7705,2,0.5119,1,0.5939,1,0.6422,1,0.3342,True,7.jpg
synthetic_0324.jpg,1,0.7021,3,0.4844,1,0.4104,2,0.3679,1,0.6626,1,0.4522,True,36.jpg
synthetic_0325.jpg,1,0.6805,1,0.7599,2,0.482,1,0.5875,1,0.635,1,0.3947,True,43.jpg
synthetic_0326.jpg,1,0.6763,1,0.7624,2,0.4711,1,0.5755,1,0.6048,1,0.3555,True,43.jpg
synthetic_0327.jpg,1,0.395,2,0.3903,3,0.3575,2,0.4386,1,0.3185,1,0.6446,True,6.jpg
synthetic_0328.jpg,1,0.5308,1,0.5072,0,0.5179,0,0.608,0,0.636,1,0.6067,True,16.jpg
synthetic_0329.jpg,3,0.5853,1,0.4528,3,0.5374,2,0.363,1,0.446,1,0.4751,True,33.jpg
synthetic_0330.jpg,3,0.5854,1,0.4098,3,0.5164,2,0.3715,1,0.4682,1,0.4802,True,33.jpg
synthetic_0331.jpg,3,0.3646,1,0.4213,3,0.6151,3,0.773,1,0.4527,2,0.4488,True,4.jpg
synthetic_0332.jpg,1,0.6781,1,0.4496,3,0.6574,2,0.4315,0,0.5037,3,0.5765,True,28.jpg
synthetic_0333.jpg,1,0.6618,3,0.5225,1,0.3912,2,0.3874,1,0.6649,1,0.4339,True,36.jpg
synthetic_0334.jpg,1,0.8088,1,0.4611,1,0.482,1,0.5452,1,0.546,1,0.8171,True,39.jpg
synthetic_0335.jpg,3,0.4908,1,0.5805,3,0.5239,1,0.4114,1,0.6934,2,0.476,True,34.jpg
synthetic_0336.jpg,1,0.8252,1,0.7058,1,0.3947,1,0.5856,0,0.4949,3,0.549,True,8.jpg
synthetic_0337.jpg,1,0.8058,1,0.4625,1,0.4836,1,0.5291,1,0.5639,1,0.828,True,39.jpg
synthetic_0338.jpg,1,0.5783,1,0.499,3,0.4268,1,0.5529,1,0.7606,1,0.748,True,13.jpg
synthetic_0339.jpg,3,0.7432,1,0.6362,3,0.4837,2,0.3911,1,0.3423,1,0.4416,True,9.jpg
synthetic_0340.jpg,1,0.8751,1,0.8197,1,0.5518,1,0.6939,1,0.6127,1,0.7283,True,26.jpg
synthetic_0341.jpg,1,0.4486,2,0.437,3,0.7405,3,0.7404,3,0.3778,1,0.5732,True,12.jpg
synthetic_0342.jpg,1,0.6866,1,0.44,2,0.3974,1,0.4297,1,0.3975,1,0.7568,True,40.jpg
synthetic_0343.jpg,1,0.5908,1,0.6828,2,0.3911,1,0.5905,1,0.6132,1,0.7667,True,24.jpg
synthetic_0344.jpg,1,0.4549,2,0.44,3,0.7388,3,0.7837,3,0.3477,1,0.5761,True,5.jpg
synthetic_0345.jpg,3,0.4619,1,0.551,3,0.533,1,0.4278,1,0.732,2,0.3857,True,34.jpg
synthetic_0346.jpg,1,0.6649,3,0.5227,1,0.3733,2,0.3707,1,0.7178,1,0.4167,True,36.jpg
synthetic_0347.jpg,1,0.3927,2,0.438,3,0.4657,2,0.3625,1,0.5004,2,0.4103,True,35.jpg
synthetic_0348.jpg,1,0.6725,1,0.7581,2,0.4975,1,0.5774,1,0.6091,1,0.3324,True,7.jpg
synthetic_0349.jpg,1,0.6467,1,0.5537,2,0.545,1,0.473,1,0.6072,1,0.7318,True,14.jpg
synthetic_0350.jpg,1,0.6774,1,0.4062,2,0.3871,1,0.4582,1,0.3878,1,0.7434,True,40.jpg
synthetic_0351.jpg,1,0.9213,1,0.7031,2,0.4013,1,0.7089,1,0.5762,3,0.7364,True,46.jpg
synthetic_0352.jpg,1,0.863,1,0.6433,2,0.4502,1,0.6746,0,0.5477,1,0.7655,True,42.jpg
synthetic_0353.jpg,1,0.6866,1,0.7847,2,0.4443,1,0.5245,1,0.4759,2,0.3775,True,30.jpg
synthetic_0354.jpg,1,0.4185,2,0.391,3,0.4763,2,0.3821,1,0.5367,2,0.4025,True,35.jpg
synthetic_0355.jpg,1,0.7002,1,0.7679,2,0.4979,1,0.5967,1,0.581,1,0.3539,True,7.jpg
synthetic_0356.jpg,1,0.7555,2,0.472,2,0.4283,1,0.5339,1,0.5671,1,0.7318,True,37.jpg
synthetic_0357.jpg,1,0.6813,1,0.4428,2,0.3563,1,0.425,1,0.403,1,0.7514,True,40.jpg
synthetic_0358.jpg,1,0.8165,1,0.4372,1,0.4591,1,0.5254,1,0.5232,1,0.8195,True,39.jpg
synthetic_0359.jpg,1,0.7025,1,0.4781,3,0.5953,2,0.4191,0,0.4868,3,0.5202,True,28.jpg
synthetic_0360.jpg,1,0.7127,2,0.4889,1,0.4122,1,0.4196,1,0.6293,1,0.8479,True,38.jpg
synthetic_0361.jpg,1,0.4512,1,0.4392,3,0.4145,2,0.4767,1,0.6284,1,0.6857,True,3.jpg
synthetic_0362.jpg,1,0.853,1,0.4707,1,0.4758,1,0.5401,1,0.5326,1,0.8186,True,39.jpg
synthetic_0363.jpg,3,0.3626,1,0.4025,3,0.6059,3,0.7579,1,0.4792,2,0.4421,True,11.jpg
synthetic_0364.jpg,1,0.6704,2,0.4612,2,0.4643,1,0.3741,1,0.4495,1,0.8444,True,25.jpg
synthetic_0365.jpg,3,0.511,1,0.618,2,0.4737,1,0.5888,1,0.7264,2,0.4761,True,31.jpg
synthetic_0366.jpg,1,0.837,1,0.7517,3,0.6767,1,0.4369,1,0.8027,3,0.6386,True,47.jpg
synthetic_0367.jpg,1,0.7801,2,0.4731,2,0.4357,1,0.5542,1,0.6045,1,0.7401,True,37.jpg
synthetic_0368.jpg,3,0.3651,1,0.4741,3,0.6044,3,0.7823,1,0.4503,2,0.4333,True,11.jpg
synthetic_0369.jpg,1,0.8198,1,0.4596,2,0.4656,1,0.4591,1,0.5995,1,0.4953,True,45.jpg
synthetic_0370.jpg,1,0.6851,1,0.758,2,0.5097,1,0.6103,1,0.6311,1,0.3515,True,7.jpg
synthetic_0371.jpg,1,0.6699,1,0.7923,2,0.4471,1,0.518,1,0.5242,2,0.3827,True,30.jpg
synthetic_0372.jpg,1,0.7392,2,0.4821,1,0.4403,1,0.4221,1,0.6396,1,0.8205,True,38.jpg
synthetic_0373.jpg,1,0.8571,1,0.7228,1,0.3924,1,0.6442,0,0.4893,3,0.5561,True,8.jpg
synthetic_0374.jpg,3,0.4313,3,0.4152,3,0.6421,3,0.7955,1,0.3211,1,0.6822,True,29.jpg
synthetic_0375.jpg,1,0.4839,1,0.4686,3,0.4164,2,0.4333,1,0.6463,1,0.6633,True,3.jpg
synthetic_0376.jpg,1,0.4255,1,0.4288,3,0.4067,2,0.4209,1,0.6734,1,0.6674,True,10.jpg
synthetic_0377.jpg,3,0.5902,1,0.4111,3,0.5472,2,0.3175,1,0.4582,1,0.4848,True,33.jpg
synthetic_0378.jpg,1,0.8487,1,0.7513,3,0.7102,1,0.4542,1,0.8215,3,0.6174,True,47.jpg
synthetic_0379.jpg,1,0.4846,1,0.4292,3,0.4056,2,0.4345,1,0.6759,1,0.6719,True,10.jpg
synthetic_0380.jpg,3,0.5714,1,0.6785,3,0.5737,1,0.3858,1,0.4322,1,0.5982,True,32.jpg
synthetic_0381.jpg,1,0.5691,1,0.6409,2,0.3978,1,0.618,1,0.6095,1,0.7833,True,24.jpg
synthetic_0382.jpg,1,0.8058,1,0.4421,2,0.4899,1,0.4922,1,0.5915,1,0.4926,True,45.jpg
synthetic_0383.jpg,1,0.7798,1,0.4882,1,0.4739,1,0.5368,1,0.5385,1,0.8106,True,39.jpg
synthetic_0384.jpg,1,0.6821,1,0.6548,2,0.4335,0,0.601,0,0.6688,1,0.6061,True,17.jpg
synthetic_0385.jpg,1,0.7766,1,0.4404,2,0.4469,2,0.4309,1,0.5897,3,0.3884,True,48.jpg
synthetic_0386.jpg,3,0.7379,1,0.6268,3,0.4487,2,0.4085,1,0.4566,1,0.4035,True,9.jpg
synthetic_0387.jpg,1,0.8473,1,0.6584,3,0.7839,2,0.4426,1,0.852,3,0.7056,True,44.jpg
synthetic_0388.jpg,1,0.4592,2,0.4131,3,0.4838,2,0.3969,1,0.5323,2,0.3796,True,35.jpg
synthetic_0389.jpg,1,0.864,1,0.7551,3,0.6889,1,0.4666,1,0.8042,3,0.6131,True,47.jpg
synthetic_0390.jpg,3,0.5761,1,0.706,3,0.5658,1,0.4059,1,0.4801,1,0.5922,True,32.jpg
synthetic_0391.jpg,1,0.6637,1,0.4083,2,0.3542,1,0.4456,1,0.383,1,0.7594,True,40.jpg
synthetic_0392.jpg,3,0.507,1,0.5987,2,0.4364,1,0.6296,1,0.7716,2,0.4599,True,31.jpg
synthetic_0393.jpg,1,0.643,1,0.7772,2,0.4273,1,0.5468,1,0.494,2,0.3785,True,30.jpg
synthetic_0394.jpg,1,0.6821,3,0.4065,1,0.6781,1,0.5012,1,0.4804,1,0.8947,True,20.jpg
synthetic_0395.jpg,1,0.6913,2,0.4311,2,0.3146,1,0.5941,0,0.6741,1,0.7243,True,15.jpg
synthetic_0396.jpg,1,0.6286,1,0.3917,1,0.3081,1,0.4648,0,0.4901,1,0.7781,True,41.jpg
synthetic_0397.jpg,1,0.3375,2,0.3755,3,0.3833,2,0.3723,1,0.3533,1,0.6359,True,6.jpg
synthetic_0398.jpg,1,0.4289,1,0.5566,3,0.4108,1,0.4758,1,0.5021,3,0.4988,True,27.jpg
synthetic_0399.jpg,1,0.8258,1,0.7352,1,0.3671,1,0.6113,0,0.4764,3,0.5524,True,1.jpg
synthetic_0400.jpg,1,0.5398,1,0.5406,0,0.5114,0,0.6073,0,0.6406,1,0.5859,True,16.jpg
synthetic_0401.jpg,1,0.6687,1,0.8191,2,0.4974,1,0.5898,1,0.6115,1,0.3591,True,7.jpg
synthetic_0402.jpg,1,0.8273,1,0.572,1,0.4563,1,0.4829,1,0.4939,1,0.9521,True,23.jpg
synthetic_0403.jpg,1,0.839,1,0.5232,1,0.3259,1,0.5104,0,0.4952,1,0.8779,True,21.jpg
synthetic_0404.jpg,3,0.7358,1,0.6555,3,0.4589,2,0.4016,1,0.4279,1,0.3904,True,2.jpg
synthetic_0405.jpg,1,0.4318,1,0.4538,3,0.4373,2,0.4419,1,0.6628,1,0.6712,True,3.jpg
synthetic_0406.jpg,1,0.6902,2,0.4685,2,0.3819,1,0.4177,1,0.4851,1,0.8349,True,22.jpg
synthetic_0407.jpg,3,0.4499,1,0.5716,3,0.5218,1,0.4515,1,0.6966,2,0.4347,True,34.jpg
synthetic_0408.jpg,3,0.362,1,0.4178,3,0.5886,3,0.7548,1,0.4476,2,0.4075,True,4.jpg
synthetic_0409.jpg,1,0.4432,1,0.452,3,0.4045,2,0.4581,1,0.6768,1,0.6914,True,10.jpg
synthetic_0410.jpg,1,0.7395,2,0.5154,1,0.3982,1,0.4277,1,0.637,1,0.8244,True,38.jpg
synthetic_0411.jpg,1,0.455,1,0.4566,3,0.4099,2,0.4258,1,0.657,1,0.6708,True,3.jpg
synthetic_0412.jpg,3,0.3896,3,0.4015,3,0.6465,3,0.8131,1,0.3359,1,0.7005,True,29.jpg
synthetic_0413.jpg,3,0.4665,1,0.636,2,0.445,1,0.601,1,0.7053,2,0.5058,True,31.jpg
synthetic_0414.jpg,3,0.4377,3,0.4148,3,0.58,3,0.796,1,0.3302,1,0.7068,True,29.jpg
synthetic_0415.jpg,3,0.4187,3,0.419,3,0.6417,3,0.7976,1,0.3551,1,0.7499,True,29.jpg
synthetic_0416.jpg,1,0.83,1,0.7549,3,0.712,1,0.4552,1,0.805,3,0.6385,True,47.jpg
synthetic_0417.jpg,1,0.6921,1,0.5588,2,0.5099,1,0.4944,1,0.6273,1,0.7337,True,14.jpg
synthetic_0418.jpg,1,0.68,2,0.4345,2,0.4059,1,0.4333,1,0.4727,1,0.8778,True,22.jpg
synthetic_0419.jpg,1,0.8154,1,0.4768,2,0.4158,2,0.4333,1,0.5499,3,0.406,True,48.jpg
synthetic_0420.jpg,1,0.8349,1,0.6454,2,0.4703,1,0.6775,0,0.5442,1,0.6954,True,42.jpg
synthetic_0421.jpg,1,0.8635,1,0.4646,1,0.4788,1,0.5386,1,0.5602,1,0.8291,True,39.jpg
synthetic_0422.jpg,1,0.5501,1,0.5089,0,0.4979,0,0.6277,0,0.671,1,0.5968,True,16.jpg
synthetic_0423.jpg,1,0.46,2,0.4479,3,0.797,3,0.7844,3,0.3789,1,0.5639,True,5.jpg
synthetic_0424.jpg,1,0.4844,2,0.4729,3,0.7418,3,0.7335,3,0.3586,1,0.5368,True,5.jpg
synthetic_0425.jpg,1,0.5976,1,0.485,3,0.4474,1,0.5797,1,0.7259,1,0.7402,True,13.jpg
synthetic_0426.jpg,1,0.8679,1,0.6536,3,0.841,2,0.4312,1,0.8618,3,0.7551,True,44.jpg
synthetic_0427.jpg,1,0.4457,2,0.4201,3,0.7799,3,0.7892,3,0.3595,1,0.5898,True,12.jpg
synthetic_0428.jpg,1,0.6748,1,0.577,2,0.5545,1,0.4891,1,0.6,1,0.7229,True,14.jpg
synthetic_0429.jpg,1,0.393,2,0.3988,3,0.3948,2,0.3734,1,0.3504,1,0.6434,True,6.jpg
synthetic_0430.jpg,1,0.694,2,0.5365,1,0.4008,1,0.411,1,0.6122,1,0.8281,True,38.jpg
synthetic_0431.jpg,1,0.6366,3,0.4874,1,0.4005,2,0.3778,1,0.7151,1,0.3885,True,36.jpg
synthetic_0432.jpg,1,0.7873,1,0.7399,1,0.3831,1,0.6077,0,0.4999,3,0.5411,True,8.jpg
synthetic_0433.jpg,1,0.6763,1,0.4168,2,0.4179,1,0.4252,1,0.4031,1,0.7788,True,40.jpg
synthetic_0434.jpg,1,0.8322,1,0.5039,2,0.4925,1,0.5063,1,0.5842,1,0.5001,True,45.jpg
synthetic_0435.jpg,1,0.8693,1,0.5807,1,0.4374,1,0.5467,1,0.5025,1,0.8933,True,23.jpg
synthetic_0436.jpg,1,0.647,3,0.4267,1,0.6666,1,0.5234,1,0.4756,1,0.9072,True,20.jpg
synthetic_0437.jpg,1,0.8776,1,0.7541,3,0.6893,1,0.4574,1,0.7861,3,0.6603,True,47.jpg
synthetic_0438.jpg,1,0.6327,3,0.4973,1,0.3719,2,0.3957,1,0.6968,1,0.4551,True,36.jpg
synthetic_0439.jpg,1,0.8523,1,0.7895,1,0.5694,1,0.674,1,0.5732,1,0.7556,True,26.jpg
synthetic_0440.jpg,1,0.5848,1,0.6407,2,0.3815,1,0.6045,1,0.5967,1,0.7626,True,24.jpg
synthetic_0441.jpg,1,0.8941,1,0.8199,1,0.5245,1,0.727,1,0.5881,1,0.7171,True,26.jpg
synthetic_0442.jpg,3,0.4706,1,0.5394,3,0.533,1,0.4585,1,0.6913,2,0.406,True,34.jpg
synthetic_0443.jpg,3,0.5463,1,0.6685,3,0.594,1,0.3808,1,0.4319,1,0.6181,True,32.jpg
synthetic_0444.jpg,1,0.8317,1,0.6477,2,0.4482,1,0.6605,0,0.5797,1,0.7106,True,42.jpg
synthetic_0445.jpg,3,0.5615,1,0.6897,3,0.5902,1,0.405,1,0.4497,1,0.5929,True,32.jpg
synthetic_0446.jpg,1,0.4542,1,0.4097,3,0.3983,2,0.4443,1,0.6936,1,0.6512,True,3.jpg
synthetic_0447.jpg,1,0.6999,1,0.6077,2,0.3813,0,0.5978,0,0.6531,1,0.6151,True,17.jpg
synthetic_0448.jpg,3,0.7161,1,0.6421,3,0.5084,2,0.4082,1,0.3603,1,0.3938,True,2.jpg
synthetic_0449.jpg,1,0.8178,1,0.7668,1,0.3902,1,0.6025,0,0.4653,3,0.5474,True,1.jpg
synthetic_0450.jpg,1,0.8069,1,0.7342,1,0.3917,1,0.6117,0,0.5123,3,0.5488,True,1.jpg
synthetic_0451.jpg,1,0.8268,1,0.7244,1,0.4233,1,0.6229,0,0.4845,3,0.5486,True,8.jpg
synthetic_0452.jpg,3,0.3839,1,0.4626,3,0.6184,3,0.7722,1,0.4443,2,0.4409,True,4.jpg
synthetic_0453.jpg,1,0.7095,2,0.4642,1,0.425,1,0.4105,1,0.6232,1,0.8133,True,38.jpg
synthetic_0454.jpg,3,0.745,1,0.5906,3,0.5217,2,0.3975,1,0.4044,1,0.4149,True,9.jpg
synthetic_0455.jpg,3,0.4866,1,0.6235,2,0.4595,1,0.6231,1,0.758,2,0.4954,True,31.jpg
synthetic_0456.jpg,1,0.8019,1,0.4624,2,0.5084,1,0.4833,1,0.6405,1,0.4953,True,45.jpg
synthetic_0457.jpg,1,0.3697,2,0.3655,3,0.3953,2,0.39,1,0.3293,1,0.61,True,6.jpg
synthetic_0458.jpg,1,0.8074,1,0.7497,1,0.4021,1,0.644,0,0.4611,3,0.555,True,1.jpg
synthetic_0459.jpg,1,0.8282,1,0.5875,1,0.4753,1,0.5317,1,0.47,1,0.9218,True,23.jpg
synthetic_0460.jpg,1,0.8165,1,0.6414,3,0.8452,2,0.4585,1,0.8451,3,0.7249,True,44.jpg
synthetic_0461.jpg,1,0.624,1,0.4556,3,0.4434,1,0.5675,1,0.7497,1,0.7306,True,13.jpg
synthetic_0462.jpg,3,0.4128,3,0.4088,3,0.6338,3,0.7709,1,0.3182,1,0.7229,True,29.jpg
synthetic_0463.jpg,1,0.4077,2,0.4194,3,0.4578,2,0.3922,1,0.5429,2,0.3835,True,35.jpg
synthetic_0464.jpg,3,0.3691,1,0.423,3,0.5905,3,0.7795,1,0.4543,2,0.4378,True,11.jpg
synthetic_0465.jpg,3,0.7327,1,0.6715,3,0.4575,2,0.3976,1,0.3951,1,0.4187,True,2.jpg
synthetic_0466.jpg,3,0.5832,1,0.6444,3,0.531,1,0.4145,1,0.4471,1,0.5824,True,32.jpg
synthetic_0467.jpg,1,0.8516,1,0.5521,1,0.4858,1,0.4891,1,0.4737,1,0.8814,True,23.jpg
synthetic_0468.jpg,1,0.8487,1,0.6479,2,0.4117,1,0.6498,0,0.5389,1,0.7163,True,42.jpg
synthetic_0469.jpg,3,0.4015,3,0.3905,3,0.6079,3,0.7537,1,0.3551,1,0.7239,True,29.jpg
synthetic_0470.jpg,1,0.4102,2,0.4113,3,0.4596,2,0.3716,1,0.5567,2,0.4301,True,35.jpg
synthetic_0471.jpg,1,0.8334,1,0.5282,1,0.3296,1,0.5561,0,0.4491,1,0.8582,True,21.jpg
synthetic_0472.jpg,3,0.4253,1,0.5669,3,0.5386,1,0.4708,1,0.6998,2,0.4455,True,34.jpg
synthetic_0473.jpg,1,0.5544,1,0.4562,3,0.4498,1,0.5664,1,0.7391,1,0.6995,True,13.jpg
synthetic_0474.jpg,1,0.8554,1,0.7644,1,0.385,1,0.622,0,0.4746,3,0.5479,True,8.jpg
synthetic_0475.jpg,1,0.6932,3,0.492,1,0.388,2,0.3639,1,0.6922,1,0.422,True,36.jpg
synthetic_0476.jpg,1,0.6956,1,0.7909,2,0.5034,1,0.5815,1,0.5737,1,0.3372,True,7.jpg
synthetic_0477.jpg,1,0.5962,1,0.4881,3,0.4276,1,0.5378,1,0.7506,1,0.7225,True,13.jpg
synthetic_0478.jpg,3,0.7411,1,0.6437,3,0.5105,2,0.3873,1,0.3743,1,0.3971,True,2.jpg
synthetic_0479.jpg,1,0.9009,1,0.594,1,0.4545,1,0.5171,1,0.4824,1,0.904,True,23.jpg
synthetic_0480.jpg,3,0.61,1,0.6748,3,0.585,1,0.3961,1,0.4637,1,0.5849,True,32.jpg
